{
  "mean": [
    88.6374502631575,
    37.202007539242594,
    131.27012373001884,
    86.4885819657892,
    95.07802135215103,
    114.90771044448192,
    64.946875,
    55.424125,
    0.98025,
    0.497125,
    1.013,
    0.49975,
    44.78154176422964,
    0.836887985774717,
    16.36241328553691
  ],
  "scale": [
    18.240319841359796,
    0.8632347482114275,
    19.53146467811159,
    9.901981639623832,
    4.068902538729397,
    5.069467185064136,
    19.98575249357339,
    20.721842171592154,
    0.8160024126802566,
    0.4999917343066783,
    0.8146048121635421,
    0.4999999374999961,
    16.906611085209068,
    0.11992489412652098,
    20.1408023552388
  ]
}